course_a,course_b
C001,C002
C001,C003
C001,C005
C001,C006
C001,C008
C001,C009
C001,C010
C001,C011
C001,C012
C001,C013
C001,C014
C001,C016
C001,C017
C001,C018
C001,C019
C001,C020
C001,C021
C001,C022
C001,C023
C001,C025
C001,C026
C001,C027
C001,C029
C001,C030
C001,C031
C001,C032
C001,C034
C001,C036
C001,C037
C001,C038
C001,C039
C001,C040
C001,C041
C001,C042
C001,C043
C001,C044
C001,C045
C001,C046
C001,C047
C001,C049
C001,C050
C001,C051
C001,C052
C001,C055
C001,C056
C001,C057
C001,C059
C001,C060
C001,C062
C001,C063
C001,C064
C001,C065
C001,C067
C001,C068
C001,C069
C001,C070
C001,C071
C001,C072
C001,C074
C001,C075
C001,C076
C001,C077
C001,C079
C001,C080
C001,C081
C001,C084
C001,C085
C001,C086
C001,C087
C001,C088
C001,C089
C001,C091
C001,C093
C001,C094
C001,C095
C001,C096
C001,C097
C001,C098
C001,C099
C001,C101
C001,C102
C001,C104
C001,C106
C001,C107
C001,C110
C001,C112
C001,C113
C001,C116
C001,C117
C001,C118
C001,C119
C001,C120
C002,C003
C002,C005
C002,C006
C002,C007
C002,C008
C002,C013
C002,C014
C002,C016
C002,C017
C002,C018
C002,C019
C002,C021
C002,C022
C002,C023
C002,C024
C002,C025
C002,C026
C002,C027
C002,C028
C002,C029
C002,C031
C002,C032
C002,C033
C002,C034
C002,C036
C002,C037
C002,C038
C002,C039
C002,C041
C002,C042
C002,C046
C002,C049
C002,C050
C002,C051
C002,C053
C002,C054
C002,C055
C002,C056
C002,C057
C002,C058
C002,C059
C002,C062
C002,C063
C002,C064
C002,C065
C002,C067
C002,C068
C002,C069
C002,C070
C002,C071
C002,C072
C002,C073
C002,C074
C002,C075
C002,C079
C002,C080
C002,C083
C002,C084
C002,C085
C002,C086
C002,C087
C002,C088
C002,C089
C002,C090
C002,C091
C002,C092
C002,C093
C002,C095
C002,C096
C002,C097
C002,C099
C002,C100
C002,C101
C002,C102
C002,C103
C002,C104
C002,C105
C002,C106
C002,C107
C002,C108
C002,C109
C002,C110
C002,C111
C002,C112
C002,C113
C002,C115
C002,C116
C002,C117
C002,C118
C002,C119
C002,C120
C003,C006
C003,C007
C003,C008
C003,C009
C003,C010
C003,C011
C003,C012
C003,C014
C003,C015
C003,C016
C003,C017
C003,C019
C003,C020
C003,C021
C003,C022
C003,C023
C003,C024
C003,C025
C003,C026
C003,C027
C003,C029
C003,C030
C003,C031
C003,C032
C003,C033
C003,C034
C003,C035
C003,C037
C003,C038
C003,C040
C003,C042
C003,C043
C003,C044
C003,C045
C003,C046
C003,C048
C003,C049
C003,C050
C003,C051
C003,C052
C003,C053
C003,C056
C003,C058
C003,C060
C003,C061
C003,C062
C003,C063
C003,C064
C003,C065
C003,C066
C003,C067
C003,C068
C003,C069
C003,C071
C003,C073
C003,C074
C003,C076
C003,C077
C003,C079
C003,C081
C003,C082
C003,C084
C003,C085
C003,C087
C003,C088
C003,C089
C003,C090
C003,C093
C003,C094
C003,C096
C003,C097
C003,C098
C003,C099
C003,C100
C003,C101
C003,C104
C003,C105
C003,C106
C003,C107
C003,C108
C003,C109
C003,C110
C003,C111
C003,C112
C003,C113
C003,C114
C003,C115
C003,C116
C003,C117
C003,C118
C003,C119
C003,C120
C004,C005
C004,C006
C004,C007
C004,C008
C004,C009
C004,C011
C004,C012
C004,C013
C004,C014
C004,C015
C004,C016
C004,C019
C004,C021
C004,C022
C004,C023
C004,C024
C004,C025
C004,C026
C004,C027
C004,C028
C004,C029
C004,C030
C004,C033
C004,C034
C004,C035
C004,C037
C004,C039
C004,C041
C004,C042
C004,C043
C004,C044
C004,C045
C004,C046
C004,C049
C004,C050
C004,C051
C004,C052
C004,C053
C004,C054
C004,C055
C004,C056
C004,C057
C004,C059
C004,C060
C004,C061
C004,C062
C004,C063
C004,C064
C004,C065
C004,C066
C004,C069
C004,C070
C004,C071
C004,C072
C004,C073
C004,C075
C004,C076
C004,C077
C004,C078
C004,C079
C004,C080
C004,C081
C004,C082
C004,C083
C004,C084
C004,C085
C004,C086
C004,C087
C004,C088
C004,C089
C004,C090
C004,C091
C004,C092
C004,C093
C004,C094
C004,C095
C004,C097
C004,C099
C004,C100
C004,C104
C004,C105
C004,C106
C004,C107
C004,C109
C004,C111
C004,C113
C004,C114
C004,C115
C004,C116
C004,C119
C004,C120
C005,C006
C005,C007
C005,C008
C005,C009
C005,C010
C005,C012
C005,C014
C005,C017
C005,C018
C005,C019
C005,C022
C005,C023
C005,C024
C005,C025
C005,C026
C005,C027
C005,C028
C005,C030
C005,C032
C005,C033
C005,C034
C005,C036
C005,C037
C005,C038
C005,C039
C005,C043
C005,C045
C005,C047
C005,C048
C005,C050
C005,C051
C005,C055
C005,C056
C005,C057
C005,C058
C005,C059
C005,C060
C005,C061
C005,C062
C005,C063
C005,C064
C005,C065
C005,C066
C005,C068
C005,C069
C005,C070
C005,C071
C005,C072
C005,C073
C005,C074
C005,C075
C005,C076
C005,C077
C005,C078
C005,C079
C005,C080
C005,C083
C005,C085
C005,C087
C005,C089
C005,C090
C005,C091
C005,C092
C005,C094
C005,C095
C005,C097
C005,C098
C005,C099
C005,C101
C005,C102
C005,C103
C005,C104
C005,C105
C005,C106
C005,C107
C005,C109
C005,C112
C005,C113
C005,C114
C005,C115
C005,C117
C005,C118
C005,C120
C006,C007
C006,C009
C006,C010
C006,C011
C006,C013
C006,C014
C006,C016
C006,C017
C006,C018
C006,C020
C006,C021
C006,C022
C006,C023
C006,C024
C006,C025
C006,C026
C006,C027
C006,C029
C006,C032
C006,C033
C006,C034
C006,C035
C006,C036
C006,C037
C006,C038
C006,C039
C006,C040
C006,C041
C006,C042
C006,C043
C006,C044
C006,C045
C006,C046
C006,C047
C006,C048
C006,C050
C006,C051
C006,C052
C006,C054
C006,C055
C006,C057
C006,C058
C006,C060
C006,C061
C006,C063
C006,C064
C006,C066
C006,C067
C006,C068
C006,C070
C006,C071
C006,C072
C006,C073
C006,C074
C006,C075
C006,C076
C006,C077
C006,C078
C006,C079
C006,C080
C006,C081
C006,C082
C006,C083
C006,C084
C006,C086
C006,C088
C006,C090
C006,C091
C006,C092
C006,C093
C006,C094
C006,C095
C006,C096
C006,C097
C006,C098
C006,C102
C006,C103
C006,C104
C006,C106
C006,C107
C006,C108
C006,C110
C006,C111
C006,C112
C006,C113
C006,C114
C006,C115
C006,C116
C006,C118
C006,C119
C007,C008
C007,C009
C007,C010
C007,C011
C007,C012
C007,C013
C007,C014
C007,C016
C007,C017
C007,C018
C007,C019
C007,C020
C007,C021
C007,C022
C007,C023
C007,C024
C007,C025
C007,C026
C007,C027
C007,C029
C007,C030
C007,C031
C007,C032
C007,C033
C007,C034
C007,C035
C007,C036
C007,C037
C007,C038
C007,C039
C007,C041
C007,C042
C007,C043
C007,C044
C007,C045
C007,C046
C007,C047
C007,C049
C007,C050
C007,C051
C007,C052
C007,C054
C007,C056
C007,C057
C007,C060
C007,C061
C007,C062
C007,C063
C007,C064
C007,C065
C007,C066
C007,C067
C007,C068
C007,C069
C007,C070
C007,C071
C007,C072
C007,C073
C007,C075
C007,C077
C007,C080
C007,C081
C007,C082
C007,C083
C007,C084
C007,C085
C007,C086
C007,C087
C007,C089
C007,C091
C007,C093
C007,C095
C007,C096
C007,C097
C007,C098
C007,C099
C007,C100
C007,C101
C007,C105
C007,C106
C007,C108
C007,C109
C007,C110
C007,C111
C007,C112
C007,C114
C007,C116
C007,C118
C007,C119
C007,C120
C008,C009
C008,C010
C008,C012
C008,C013
C008,C014
C008,C016
C008,C017
C008,C018
C008,C019
C008,C020
C008,C021
C008,C022
C008,C023
C008,C024
C008,C025
C008,C027
C008,C028
C008,C029
C008,C030
C008,C031
C008,C032
C008,C034
C008,C036
C008,C037
C008,C038
C008,C039
C008,C040
C008,C041
C008,C046
C008,C048
C008,C049
C008,C050
C008,C052
C008,C053
C008,C054
C008,C055
C008,C056
C008,C058
C008,C059
C008,C060
C008,C061
C008,C062
C008,C068
C008,C070
C008,C071
C008,C072
C008,C073
C008,C076
C008,C077
C008,C079
C008,C080
C008,C082
C008,C083
C008,C084
C008,C085
C008,C086
C008,C089
C008,C090
C008,C092
C008,C094
C008,C095
C008,C096
C008,C097
C008,C100
C008,C102
C008,C104
C008,C107
C008,C108
C008,C109
C008,C111
C008,C113
C008,C115
C008,C116
C008,C117
C008,C118
C008,C119
C008,C120
C009,C010
C009,C011
C009,C012
C009,C013
C009,C014
C009,C015
C009,C017
C009,C018
C009,C019
C009,C022
C009,C024
C009,C025
C009,C027
C009,C028
C009,C029
C009,C030
C009,C034
C009,C035
C009,C036
C009,C037
C009,C039
C009,C040
C009,C041
C009,C042
C009,C043
C009,C045
C009,C047
C009,C048
C009,C049
C009,C050
C009,C052
C009,C053
C009,C055
C009,C056
C009,C057
C009,C059
C009,C060
C009,C061
C009,C062
C009,C064
C009,C065
C009,C067
C009,C068
C009,C069
C009,C070
C009,C071
C009,C072
C009,C073
C009,C074
C009,C075
C009,C076
C009,C077
C009,C079
C009,C080
C009,C081
C009,C082
C009,C083
C009,C084
C009,C085
C009,C086
C009,C087
C009,C088
C009,C089
C009,C090
C009,C091
C009,C092
C009,C095
C009,C096
C009,C097
C009,C098
C009,C099
C009,C100
C009,C101
C009,C102
C009,C104
C009,C105
C009,C106
C009,C107
C009,C108
C009,C109
C009,C110
C009,C111
C009,C112
C009,C113
C009,C115
C009,C116
C009,C117
C009,C118
C009,C120
C010,C011
C010,C012
C010,C013
C010,C014
C010,C015
C010,C016
C010,C017
C010,C018
C010,C020
C010,C021
C010,C022
C010,C023
C010,C024
C010,C025
C010,C026
C010,C028
C010,C029
C010,C030
C010,C032
C010,C034
C010,C035
C010,C036
C010,C037
C010,C038
C010,C039
C010,C040
C010,C041
C010,C042
C010,C044
C010,C045
C010,C046
C010,C047
C010,C048
C010,C049
C010,C050
C010,C051
C010,C055
C010,C057
C010,C058
C010,C059
C010,C060
C010,C061
C010,C062
C010,C064
C010,C065
C010,C066
C010,C068
C010,C069
C010,C070
C010,C071
C010,C073
C010,C074
C010,C075
C010,C076
C010,C077
C010,C078
C010,C079
C010,C080
C010,C081
C010,C082
C010,C083
C010,C085
C010,C086
C010,C088
C010,C089
C010,C090
C010,C091
C010,C092
C010,C094
C010,C095
C010,C096
C010,C098
C010,C099
C010,C101
C010,C102
C010,C103
C010,C105
C010,C106
C010,C109
C010,C110
C010,C111
C010,C112
C010,C114
C010,C116
C010,C117
C010,C118
C010,C119
C010,C120
C011,C012
C011,C013
C011,C014
C011,C015
C011,C016
C011,C017
C011,C018
C011,C019
C011,C020
C011,C021
C011,C022
C011,C026
C011,C027
C011,C028
C011,C029
C011,C030
C011,C031
C011,C032
C011,C033
C011,C034
C011,C035
C011,C036
C011,C037
C011,C038
C011,C039
C011,C040
C011,C042
C011,C043
C011,C044
C011,C048
C011,C049
C011,C050
C011,C051
C011,C052
C011,C055
C011,C056
C011,C057
C011,C058
C011,C059
C011,C061
C011,C063
C011,C064
C011,C065
C011,C066
C011,C068
C011,C069
C011,C071
C011,C072
C011,C073
C011,C075
C011,C076
C011,C077
C011,C078
C011,C079
C011,C080
C011,C081
C011,C082
C011,C083
C011,C085
C011,C087
C011,C088
C011,C089
C011,C090
C011,C091
C011,C092
C011,C093
C011,C094
C011,C095
C011,C096
C011,C097
C011,C098
C011,C099
C011,C100
C011,C101
C011,C103
C011,C106
C011,C107
C011,C108
C011,C109
C011,C110
C011,C111
C011,C112
C011,C114
C011,C116
C011,C117
C011,C118
C011,C119
C012,C013
C012,C014
C012,C016
C012,C017
C012,C018
C012,C019
C012,C020
C012,C021
C012,C022
C012,C023
C012,C028
C012,C029
C012,C030
C012,C031
C012,C032
C012,C033
C012,C034
C012,C036
C012,C037
C012,C038
C012,C040
C012,C041
C012,C042
C012,C043
C012,C044
C012,C045
C012,C047
C012,C048
C012,C049
C012,C050
C012,C052
C012,C053
C012,C054
C012,C055
C012,C056
C012,C057
C012,C058
C012,C060
C012,C061
C012,C062
C012,C063
C012,C064
C012,C066
C012,C069
C012,C070
C012,C072
C012,C076
C012,C080
C012,C081
C012,C082
C012,C083
C012,C084
C012,C085
C012,C086
C012,C087
C012,C088
C012,C089
C012,C091
C012,C092
C012,C093
C012,C094
C012,C096
C012,C097
C012,C098
C012,C100
C012,C101
C012,C103
C012,C104
C012,C105
C012,C106
C012,C107
C012,C109
C012,C110
C012,C111
C012,C113
C012,C114
C012,C116
C012,C117
C012,C118
C012,C120
C013,C014
C013,C015
C013,C016
C013,C017
C013,C018
C013,C019
C013,C020
C013,C021
C013,C022
C013,C024
C013,C025
C013,C026
C013,C027
C013,C028
C013,C029
C013,C030
C013,C031
C013,C032
C013,C033
C013,C034
C013,C035
C013,C037
C013,C038
C013,C039
C013,C041
C013,C042
C013,C043
C013,C044
C013,C045
C013,C047
C013,C048
C013,C049
C013,C051
C013,C052
C013,C054
C013,C055
C013,C056
C013,C057
C013,C058
C013,C060
C013,C061
C013,C062
C013,C063
C013,C065
C013,C066
C013,C067
C013,C069
C013,C070
C013,C072
C013,C073
C013,C075
C013,C076
C013,C078
C013,C079
C013,C080
C013,C081
C013,C084
C013,C085
C013,C086
C013,C087
C013,C088
C013,C089
C013,C090
C013,C091
C013,C092
C013,C093
C013,C094
C013,C095
C013,C097
C013,C098
C013,C099
C013,C100
C013,C101
C013,C102
C013,C103
C013,C105
C013,C106
C013,C107
C013,C108
C013,C109
C013,C110
C013,C112
C013,C115
C013,C116
C014,C015
C014,C016
C014,C017
C014,C018
C014,C019
C014,C020
C014,C021
C014,C022
C014,C023
C014,C024
C014,C025
C014,C026
C014,C028
C014,C029
C014,C031
C014,C032
C014,C033
C014,C034
C014,C035
C014,C037
C014,C038
C014,C039
C014,C040
C014,C041
C014,C042
C014,C043
C014,C044
C014,C045
C014,C046
C014,C047
C014,C048
C014,C050
C014,C051
C014,C052
C014,C053
C014,C054
C014,C055
C014,C056
C014,C058
C014,C059
C014,C060
C014,C062
C014,C063
C014,C064
C014,C065
C014,C066
C014,C067
C014,C069
C014,C070
C014,C071
C014,C072
C014,C074
C014,C075
C014,C077
C014,C078
C014,C079
C014,C080
C014,C082
C014,C083
C014,C084
C014,C085
C014,C086
C014,C087
C014,C088
C014,C090
C014,C092
C014,C093
C014,C094
C014,C095
C014,C096
C014,C097
C014,C098
C014,C099
C014,C100
C014,C101
C014,C103
C014,C104
C014,C105
C014,C106
C014,C107
C014,C108
C014,C109
C014,C110
C014,C111
C014,C112
C014,C113
C014,C114
C014,C115
C014,C116
C014,C117
C014,C118
C014,C119
C014,C120
C015,C016
C015,C017
C015,C018
C015,C020
C015,C023
C015,C024
C015,C025
C015,C026
C015,C027
C015,C029
C015,C030
C015,C031
C015,C032
C015,C034
C015,C035
C015,C036
C015,C037
C015,C038
C015,C042
C015,C043
C015,C044
C015,C045
C015,C046
C015,C047
C015,C048
C015,C049
C015,C050
C015,C052
C015,C054
C015,C055
C015,C056
C015,C057
C015,C058
C015,C059
C015,C061
C015,C062
C015,C064
C015,C065
C015,C066
C015,C067
C015,C068
C015,C070
C015,C073
C015,C074
C015,C075
C015,C076
C015,C078
C015,C080
C015,C082
C015,C083
C015,C084
C015,C085
C015,C086
C015,C087
C015,C088
C015,C089
C015,C091
C015,C092
C015,C093
C015,C095
C015,C096
C015,C097
C015,C098
C015,C099
C015,C100
C015,C101
C015,C102
C015,C103
C015,C104
C015,C106
C015,C107
C015,C108
C015,C109
C015,C111
C015,C113
C015,C114
C015,C116
C015,C117
C015,C118
C015,C120
C016,C017
C016,C018
C016,C019
C016,C021
C016,C022
C016,C023
C016,C025
C016,C026
C016,C027
C016,C030
C016,C031
C016,C032
C016,C033
C016,C034
C016,C035
C016,C037
C016,C038
C016,C039
C016,C040
C016,C041
C016,C042
C016,C043
C016,C045
C016,C046
C016,C047
C016,C048
C016,C049
C016,C050
C016,C051
C016,C052
C016,C053
C016,C054
C016,C055
C016,C057
C016,C058
C016,C059
C016,C060
C016,C061
C016,C062
C016,C063
C016,C064
C016,C065
C016,C066
C016,C067
C016,C068
C016,C069
C016,C071
C016,C072
C016,C074
C016,C076
C016,C078
C016,C080
C016,C082
C016,C084
C016,C085
C016,C086
C016,C087
C016,C088
C016,C089
C016,C090
C016,C092
C016,C093
C016,C094
C016,C095
C016,C096
C016,C097
C016,C098
C016,C099
C016,C100
C016,C101
C016,C102
C016,C103
C016,C104
C016,C105
C016,C106
C016,C107
C016,C109
C016,C110
C016,C111
C016,C112
C016,C113
C016,C114
C016,C115
C016,C116
C016,C117
C016,C118
C016,C119
C017,C019
C017,C020
C017,C022
C017,C023
C017,C024
C017,C026
C017,C029
C017,C030
C017,C031
C017,C032
C017,C034
C017,C035
C017,C036
C017,C037
C017,C038
C017,C039
C017,C040
C017,C041
C017,C043
C017,C044
C017,C045
C017,C046
C017,C047
C017,C048
C017,C049
C017,C050
C017,C051
C017,C056
C017,C057
C017,C058
C017,C059
C017,C060
C017,C061
C017,C062
C017,C063
C017,C064
C017,C065
C017,C067
C017,C068
C017,C069
C017,C070
C017,C071
C017,C072
C017,C073
C017,C074
C017,C075
C017,C077
C017,C079
C017,C080
C017,C081
C017,C083
C017,C084
C017,C085
C017,C086
C017,C087
C017,C090
C017,C091
C017,C092
C017,C094
C017,C095
C017,C096
C017,C097
C017,C098
C017,C099
C017,C100
C017,C101
C017,C102
C017,C103
C017,C104
C017,C105
C017,C106
C017,C107
C017,C108
C017,C109
C017,C110
C017,C111
C017,C113
C017,C116
C017,C117
C017,C119
C017,C120
C018,C019
C018,C020
C018,C021
C018,C022
C018,C023
C018,C024
C018,C025
C018,C026
C018,C027
C018,C029
C018,C030
C018,C032
C018,C033
C018,C034
C018,C035
C018,C036
C018,C037
C018,C038
C018,C039
C018,C041
C018,C042
C018,C043
C018,C044
C018,C045
C018,C046
C018,C047
C018,C048
C018,C049
C018,C050
C018,C051
C018,C052
C018,C053
C018,C055
C018,C056
C018,C057
C018,C058
C018,C059
C018,C060
C018,C062
C018,C063
C018,C064
C018,C065
C018,C066
C018,C068
C018,C069
C018,C070
C018,C072
C018,C074
C018,C076
C018,C078
C018,C079
C018,C080
C018,C081
C018,C082
C018,C083
C018,C084
C018,C085
C018,C086
C018,C087
C018,C088
C018,C089
C018,C090
C018,C091
C018,C092
C018,C093
C018,C094
C018,C095
C018,C096
C018,C097
C018,C098
C018,C099
C018,C100
C018,C101
C018,C102
C018,C103
C018,C104
C018,C105
C018,C106
C018,C108
C018,C109
C018,C110
C018,C111
C018,C112
C018,C113
C018,C114
C018,C115
C018,C116
C018,C120
C019,C020
C019,C021
C019,C022
C019,C024
C019,C026
C019,C027
C019,C029
C019,C030
C019,C031
C019,C032
C019,C033
C019,C034
C019,C035
C019,C036
C019,C037
C019,C038
C019,C039
C019,C041
C019,C042
C019,C043
C019,C044
C019,C046
C019,C047
C019,C049
C019,C052
C019,C053
C019,C056
C019,C058
C019,C059
C019,C060
C019,C061
C019,C063
C019,C064
C019,C066
C019,C068
C019,C070
C019,C071
C019,C072
C019,C073
C019,C074
C019,C075
C019,C076
C019,C077
C019,C078
C019,C079
C019,C080
C019,C081
C019,C082
C019,C083
C019,C084
C019,C087
C019,C090
C019,C091
C019,C092
C019,C093
C019,C094
C019,C095
C019,C096
C019,C097
C019,C100
C019,C101
C019,C102
C019,C103
C019,C104
C019,C105
C019,C106
C019,C107
C019,C108
C019,C109
C019,C110
C019,C111
C019,C112
C019,C113
C019,C116
C019,C119
C019,C120
C020,C021
C020,C022
C020,C023
C020,C024
C020,C025
C020,C026
C020,C027
C020,C028
C020,C029
C020,C030
C020,C031
C020,C033
C020,C034
C020,C035
C020,C036
C020,C037
C020,C038
C020,C039
C020,C040
C020,C041
C020,C042
C020,C043
C020,C044
C020,C045
C020,C047
C020,C048
C020,C049
C020,C050
C020,C051
C020,C053
C020,C054
C020,C055
C020,C056
C020,C057
C020,C058
C020,C059
C020,C060
C020,C061
C020,C062
C020,C063
C020,C064
C020,C066
C020,C067
C020,C068
C020,C069
C020,C071
C020,C072
C020,C073
C020,C074
C020,C075
C020,C076
C020,C077
C020,C078
C020,C079
C020,C080
C020,C081
C020,C083
C020,C084
C020,C085
C020,C086
C020,C088
C020,C089
C020,C090
C020,C091
C020,C092
C020,C093
C020,C094
C020,C095
C020,C096
C020,C097
C020,C098
C020,C100
C020,C101
C020,C103
C020,C104
C020,C106
C020,C107
C020,C108
C020,C110
C020,C111
C020,C112
C020,C114
C020,C115
C020,C117
C020,C118
C020,C119
C020,C120
C021,C022
C021,C023
C021,C024
C021,C025
C021,C026
C021,C027
C021,C028
C021,C029
C021,C030
C021,C031
C021,C032
C021,C033
C021,C034
C021,C035
C021,C037
C021,C038
C021,C039
C021,C040
C021,C041
C021,C042
C021,C043
C021,C045
C021,C047
C021,C048
C021,C049
C021,C050
C021,C052
C021,C053
C021,C054
C021,C055
C021,C056
C021,C057
C021,C058
C021,C059
C021,C062
C021,C063
C021,C064
C021,C065
C021,C066
C021,C067
C021,C068
C021,C069
C021,C070
C021,C071
C021,C072
C021,C073
C021,C075
C021,C076
C021,C079
C021,C081
C021,C082
C021,C083
C021,C084
C021,C085
C021,C086
C021,C087
C021,C088
C021,C089
C021,C090
C021,C091
C021,C092
C021,C093
C021,C094
C021,C095
C021,C096
C021,C098
C021,C099
C021,C100
C021,C101
C021,C103
C021,C104
C021,C105
C021,C107
C021,C108
C021,C109
C021,C110
C021,C111
C021,C112
C021,C113
C021,C114
C021,C115
C021,C116
C021,C117
C021,C118
C021,C119
C021,C120
C022,C023
C022,C024
C022,C025
C022,C026
C022,C027
C022,C028
C022,C029
C022,C030
C022,C032
C022,C033
C022,C034
C022,C035
C022,C036
C022,C037
C022,C039
C022,C040
C022,C041
C022,C042
C022,C043
C022,C044
C022,C045
C022,C046
C022,C047
C022,C048
C022,C053
C022,C054
C022,C055
C022,C056
C022,C057
C022,C058
C022,C059
C022,C060
C022,C061
C022,C062
C022,C063
C022,C064
C022,C065
C022,C066
C022,C067
C022,C068
C022,C069
C022,C073
C022,C074
C022,C075
C022,C076
C022,C077
C022,C078
C022,C079
C022,C081
C022,C082
C022,C083
C022,C084
C022,C085
C022,C087
C022,C088
C022,C089
C022,C090
C022,C092
C022,C093
C022,C094
C022,C095
C022,C096
C022,C098
C022,C099
C022,C100
C022,C101
C022,C102
C022,C103
C022,C104
C022,C106
C022,C107
C022,C108
C022,C110
C022,C112
C022,C113
C022,C114
C022,C116
C022,C117
C022,C118
C022,C119
C022,C120
C023,C025
C023,C026
C023,C028
C023,C029
C023,C031
C023,C033
C023,C034
C023,C038
C023,C039
C023,C040
C023,C041
C023,C043
C023,C044
C023,C045
C023,C047
C023,C048
C023,C049
C023,C050
C023,C051
C023,C053
C023,C054
C023,C055
C023,C056
C023,C057
C023,C059
C023,C061
C023,C062
C023,C063
C023,C064
C023,C065
C023,C067
C023,C069
C023,C070
C023,C071
C023,C072
C023,C073
C023,C074
C023,C075
C023,C076
C023,C077
C023,C078
C023,C079
C023,C081
C023,C083
C023,C084
C023,C085
C023,C086
C023,C087
C023,C088
C023,C089
C023,C090
C023,C091
C023,C092
C023,C094
C023,C095
C023,C096
C023,C097
C023,C098
C023,C099
C023,C100
C023,C103
C023,C104
C023,C105
C023,C107
C023,C110
C023,C111
C023,C112
C023,C113
C023,C116
C023,C117
C023,C118
C023,C119
C023,C120
C024,C025
C024,C026
C024,C028
C024,C029
C024,C030
C024,C031
C024,C034
C024,C035
C024,C036
C024,C038
C024,C039
C024,C041
C024,C042
C024,C044
C024,C046
C024,C047
C024,C048
C024,C049
C024,C050
C024,C051
C024,C052
C024,C053
C024,C054
C024,C055
C024,C056
C024,C057
C024,C058
C024,C059
C024,C060
C024,C061
C024,C062
C024,C063
C024,C064
C024,C065
C024,C067
C024,C070
C024,C071
C024,C073
C024,C074
C024,C075
C024,C076
C024,C077
C024,C079
C024,C081
C024,C083
C024,C086
C024,C087
C024,C088
C024,C089
C024,C090
C024,C092
C024,C095
C024,C096
C024,C097
C024,C098
C024,C099
C024,C101
C024,C102
C024,C103
C024,C104
C024,C106
C024,C107
C024,C109
C024,C110
C024,C111
C024,C112
C024,C114
C024,C117
C024,C118
C024,C119
C024,C120
C025,C026
C025,C028
C025,C029
C025,C030
C025,C032
C025,C033
C025,C035
C025,C036
C025,C037
C025,C038
C025,C041
C025,C042
C025,C043
C025,C045
C025,C047
C025,C048
C025,C050
C025,C052
C025,C053
C025,C054
C025,C056
C025,C057
C025,C058
C025,C059
C025,C061
C025,C062
C025,C064
C025,C065
C025,C066
C025,C067
C025,C068
C025,C069
C025,C070
C025,C071
C025,C072
C025,C074
C025,C075
C025,C077
C025,C078
C025,C079
C025,C080
C025,C081
C025,C082
C025,C083
C025,C084
C025,C086
C025,C087
C025,C090
C025,C091
C025,C092
C025,C093
C025,C094
C025,C095
C025,C096
C025,C097
C025,C098
C025,C100
C025,C101
C025,C103
C025,C104
C025,C106
C025,C107
C025,C108
C025,C110
C025,C112
C025,C113
C025,C114
C025,C115
C025,C116
C025,C118
C025,C120
C026,C027
C026,C028
C026,C029
C026,C030
C026,C033
C026,C034
C026,C035
C026,C037
C026,C038
C026,C039
C026,C042
C026,C044
C026,C046
C026,C047
C026,C048
C026,C049
C026,C050
C026,C051
C026,C054
C026,C055
C026,C058
C026,C059
C026,C062
C026,C064
C026,C067
C026,C068
C026,C069
C026,C070
C026,C074
C026,C075
C026,C078
C026,C079
C026,C080
C026,C081
C026,C083
C026,C084
C026,C085
C026,C087
C026,C089
C026,C090
C026,C091
C026,C092
C026,C093
C026,C094
C026,C095
C026,C096
C026,C097
C026,C100
C026,C102
C026,C103
C026,C104
C026,C105
C026,C106
C026,C107
C026,C108
C026,C109
C026,C110
C026,C113
C026,C114
C026,C116
C026,C117
C026,C118
C026,C120
C027,C028
C027,C030
C027,C034
C027,C035
C027,C036
C027,C037
C027,C039
C027,C041
C027,C042
C027,C043
C027,C044
C027,C045
C027,C046
C027,C048
C027,C054
C027,C055
C027,C057
C027,C058
C027,C060
C027,C062
C027,C063
C027,C064
C027,C066
C027,C067
C027,C068
C027,C069
C027,C070
C027,C071
C027,C072
C027,C074
C027,C075
C027,C076
C027,C077
C027,C078
C027,C079
C027,C080
C027,C081
C027,C082
C027,C083
C027,C084
C027,C085
C027,C086
C027,C087
C027,C088
C027,C089
C027,C090
C027,C091
C027,C092
C027,C093
C027,C094
C027,C096
C027,C097
C027,C098
C027,C099
C027,C101
C027,C103
C027,C107
C027,C110
C027,C114
C027,C118
C028,C029
C028,C030
C028,C031
C028,C032
C028,C033
C028,C034
C028,C035
C028,C036
C028,C038
C028,C039
C028,C040
C028,C041
C028,C042
C028,C043
C028,C044
C028,C046
C028,C047
C028,C048
C028,C049
C028,C051
C028,C052
C028,C053
C028,C055
C028,C056
C028,C057
C028,C058
C028,C059
C028,C060
C028,C062
C028,C063
C028,C064
C028,C065
C028,C069
C028,C070
C028,C071
C028,C072
C028,C073
C028,C074
C028,C075
C028,C076
C028,C078
C028,C079
C028,C080
C028,C081
C028,C082
C028,C083
C028,C084
C028,C085
C028,C086
C028,C087
C028,C088
C028,C089
C028,C090
C028,C091
C028,C092
C028,C093
C028,C095
C028,C096
C028,C097
C028,C098
C028,C099
C028,C100
C028,C101
C028,C103
C028,C104
C028,C106
C028,C107
C028,C110
C028,C111
C028,C114
C028,C115
C028,C116
C028,C117
C029,C030
C029,C031
C029,C032
C029,C033
C029,C034
C029,C035
C029,C036
C029,C039
C029,C040
C029,C041
C029,C042
C029,C045
C029,C046
C029,C047
C029,C048
C029,C049
C029,C050
C029,C051
C029,C052
C029,C053
C029,C054
C029,C057
C029,C058
C029,C060
C029,C061
C029,C062
C029,C063
C029,C064
C029,C066
C029,C067
C029,C068
C029,C069
C029,C071
C029,C072
C029,C073
C029,C074
C029,C076
C029,C077
C029,C078
C029,C079
C029,C080
C029,C082
C029,C083
C029,C084
C029,C085
C029,C086
C029,C087
C029,C088
C029,C089
C029,C090
C029,C091
C029,C092
C029,C093
C029,C094
C029,C095
C029,C096
C029,C097
C029,C098
C029,C099
C029,C100
C029,C101
C029,C102
C029,C103
C029,C104
C029,C105
C029,C106
C029,C107
C029,C108
C029,C109
C029,C110
C029,C111
C029,C112
C029,C113
C029,C114
C029,C115
C029,C117
C029,C118
C029,C120
C030,C032
C030,C033
C030,C035
C030,C037
C030,C038
C030,C040
C030,C041
C030,C045
C030,C049
C030,C050
C030,C052
C030,C053
C030,C055
C030,C056
C030,C058
C030,C059
C030,C060
C030,C062
C030,C063
C030,C065
C030,C066
C030,C069
C030,C070
C030,C071
C030,C072
C030,C073
C030,C074
C030,C075
C030,C076
C030,C077
C030,C078
C030,C079
C030,C081
C030,C082
C030,C083
C030,C084
C030,C085
C030,C086
C030,C087
C030,C088
C030,C089
C030,C090
C030,C091
C030,C093
C030,C094
C030,C095
C030,C096
C030,C097
C030,C099
C030,C101
C030,C102
C030,C103
C030,C104
C030,C105
C030,C106
C030,C107
C030,C108
C030,C110
C030,C111
C030,C112
C030,C118
C031,C032
C031,C034
C031,C035
C031,C036
C031,C037
C031,C038
C031,C039
C031,C040
C031,C041
C031,C042
C031,C043
C031,C045
C031,C046
C031,C047
C031,C048
C031,C049
C031,C050
C031,C051
C031,C054
C031,C055
C031,C056
C031,C057
C031,C058
C031,C059
C031,C060
C031,C061
C031,C063
C031,C064
C031,C065
C031,C066
C031,C067
C031,C068
C031,C069
C031,C071
C031,C072
C031,C073
C031,C074
C031,C075
C031,C076
C031,C079
C031,C080
C031,C081
C031,C082
C031,C083
C031,C084
C031,C085
C031,C086
C031,C087
C031,C088
C031,C089
C031,C091
C031,C093
C031,C094
C031,C095
C031,C097
C031,C098
C031,C100
C031,C101
C031,C102
C031,C103
C031,C104
C031,C105
C031,C109
C031,C110
C031,C111
C031,C112
C031,C113
C031,C116
C031,C117
C031,C118
C032,C034
C032,C036
C032,C037
C032,C038
C032,C039
C032,C040
C032,C042
C032,C043
C032,C044
C032,C048
C032,C049
C032,C050
C032,C051
C032,C052
C032,C053
C032,C054
C032,C056
C032,C057
C032,C059
C032,C060
C032,C061
C032,C062
C032,C064
C032,C067
C032,C068
C032,C069
C032,C071
C032,C072
C032,C073
C032,C074
C032,C075
C032,C076
C032,C077
C032,C078
C032,C079
C032,C080
C032,C082
C032,C083
C032,C084
C032,C085
C032,C086
C032,C088
C032,C089
C032,C090
C032,C091
C032,C092
C032,C094
C032,C095
C032,C096
C032,C097
C032,C098
C032,C099
C032,C100
C032,C101
C032,C102
C032,C103
C032,C104
C032,C106
C032,C107
C032,C108
C032,C109
C032,C110
C032,C111
C032,C112
C032,C113
C032,C114
C032,C116
C032,C118
C032,C119
C032,C120
C033,C034
C033,C037
C033,C039
C033,C040
C033,C041
C033,C042
C033,C045
C033,C047
C033,C048
C033,C049
C033,C050
C033,C051
C033,C053
C033,C054
C033,C055
C033,C057
C033,C059
C033,C060
C033,C062
C033,C063
C033,C065
C033,C067
C033,C069
C033,C070
C033,C071
C033,C072
C033,C073
C033,C074
C033,C078
C033,C079
C033,C080
C033,C082
C033,C083
C033,C084
C033,C085
C033,C086
C033,C088
C033,C089
C033,C090
C033,C093
C033,C095
C033,C096
C033,C097
C033,C098
C033,C099
C033,C102
C033,C104
C033,C105
C033,C106
C033,C107
C033,C109
C033,C110
C033,C112
C033,C113
C033,C116
C033,C117
C033,C120
C034,C035
C034,C036
C034,C039
C034,C040
C034,C041
C034,C043
C034,C044
C034,C045
C034,C047
C034,C048
C034,C049
C034,C050
C034,C051
C034,C052
C034,C053
C034,C054
C034,C055
C034,C056
C034,C058
C034,C059
C034,C060
C034,C066
C034,C068
C034,C069
C034,C070
C034,C071
C034,C072
C034,C073
C034,C074
C034,C075
C034,C076
C034,C077
C034,C078
C034,C080
C034,C081
C034,C082
C034,C084
C034,C085
C034,C087
C034,C091
C034,C092
C034,C093
C034,C094
C034,C095
C034,C096
C034,C097
C034,C098
C034,C099
C034,C100
C034,C101
C034,C104
C034,C105
C034,C107
C034,C108
C034,C110
C034,C111
C034,C112
C034,C113
C034,C114
C034,C115
C034,C117
C034,C118
C034,C119
C034,C120
C035,C037
C035,C038
C035,C039
C035,C040
C035,C041
C035,C043
C035,C044
C035,C046
C035,C047
C035,C048
C035,C049
C035,C051
C035,C052
C035,C053
C035,C054
C035,C055
C035,C056
C035,C057
C035,C058
C035,C059
C035,C060
C035,C061
C035,C063
C035,C064
C035,C065
C035,C066
C035,C068
C035,C069
C035,C070
C035,C071
C035,C073
C035,C074
C035,C076
C035,C077
C035,C078
C035,C079
C035,C080
C035,C081
C035,C083
C035,C084
C035,C085
C035,C086
C035,C087
C035,C088
C035,C089
C035,C090
C035,C091
C035,C092
C035,C093
C035,C094
C035,C095
C035,C097
C035,C098
C035,C099
C035,C100
C035,C101
C035,C102
C035,C103
C035,C104
C035,C105
C035,C106
C035,C108
C035,C110
C035,C112
C035,C115
C035,C117
C035,C118
C035,C119
C035,C120
C036,C038
C036,C039
C036,C040
C036,C042
C036,C043
C036,C044
C036,C045
C036,C047
C036,C048
C036,C049
C036,C050
C036,C051
C036,C052
C036,C053
C036,C055
C036,C056
C036,C057
C036,C058
C036,C062
C036,C063
C036,C067
C036,C068
C036,C069
C036,C070
C036,C071
C036,C072
C036,C073
C036,C074
C036,C075
C036,C076
C036,C077
C036,C079
C036,C080
C036,C081
C036,C082
C036,C083
C036,C084
C036,C087
C036,C088
C036,C089
C036,C091
C036,C092
C036,C093
C036,C095
C036,C097
C036,C098
C036,C099
C036,C100
C036,C102
C036,C104
C036,C105
C036,C106
C036,C107
C036,C108
C036,C110
C036,C111
C036,C112
C036,C113
C036,C114
C036,C118
C036,C120
C037,C038
C037,C039
C037,C040
C037,C042
C037,C043
C037,C044
C037,C045
C037,C047
C037,C048
C037,C049
C037,C050
C037,C052
C037,C053
C037,C055
C037,C056
C037,C057
C037,C058
C037,C059
C037,C060
C037,C061
C037,C062
C037,C063
C037,C064
C037,C065
C037,C066
C037,C068
C037,C069
C037,C070
C037,C071
C037,C072
C037,C074
C037,C075
C037,C077
C037,C078
C037,C079
C037,C080
C037,C081
C037,C083
C037,C084
C037,C085
C037,C087
C037,C088
C037,C089
C037,C092
C037,C093
C037,C095
C037,C096
C037,C097
C037,C098
C037,C099
C037,C100
C037,C101
C037,C103
C037,C104
C037,C107
C037,C109
C037,C110
C037,C112
C037,C116
C037,C117
C037,C118
C037,C119
C038,C039
C038,C041
C038,C042
C038,C043
C038,C044
C038,C046
C038,C047
C038,C049
C038,C050
C038,C051
C038,C052
C038,C053
C038,C054
C038,C055
C038,C056
C038,C058
C038,C059
C038,C060
C038,C061
C038,C063
C038,C064
C038,C065
C038,C067
C038,C068
C038,C070
C038,C071
C038,C072
C038,C073
C038,C074
C038,C075
C038,C077
C038,C078
C038,C080
C038,C081
C038,C083
C038,C084
C038,C085
C038,C086
C038,C087
C038,C088
C038,C089
C038,C090
C038,C091
C038,C093
C038,C094
C038,C095
C038,C096
C038,C099
C038,C100
C038,C101
C038,C102
C038,C103
C038,C104
C038,C106
C038,C107
C038,C109
C038,C111
C038,C112
C038,C113
C038,C114
C038,C115
C038,C117
C039,C041
C039,C042
C039,C044
C039,C046
C039,C049
C039,C052
C039,C053
C039,C054
C039,C055
C039,C057
C039,C058
C039,C059
C039,C060
C039,C061
C039,C062
C039,C063
C039,C064
C039,C065
C039,C066
C039,C067
C039,C068
C039,C069
C039,C070
C039,C071
C039,C072
C039,C073
C039,C074
C039,C076
C039,C077
C039,C078
C039,C079
C039,C081
C039,C082
C039,C083
C039,C084
C039,C085
C039,C086
C039,C087
C039,C088
C039,C089
C039,C090
C039,C091
C039,C093
C039,C095
C039,C096
C039,C097
C039,C098
C039,C099
C039,C101
C039,C102
C039,C104
C039,C105
C039,C107
C039,C108
C039,C109
C039,C110
C039,C111
C039,C112
C039,C113
C039,C114
C039,C115
C039,C117
C039,C119
C039,C120
C040,C042
C040,C044
C040,C045
C040,C046
C040,C047
C040,C048
C040,C049
C040,C050
C040,C051
C040,C052
C040,C053
C040,C054
C040,C055
C040,C057
C040,C058
C040,C059
C040,C060
C040,C061
C040,C062
C040,C063
C040,C064
C040,C065
C040,C066
C040,C068
C040,C069
C040,C071
C040,C072
C040,C073
C040,C074
C040,C075
C040,C076
C040,C077
C040,C078
C040,C079
C040,C080
C040,C082
C040,C083
C040,C085
C040,C086
C040,C088
C040,C090
C040,C091
C040,C092
C040,C093
C040,C094
C040,C095
C040,C096
C040,C100
C040,C101
C040,C102
C040,C103
C040,C104
C040,C106
C040,C108
C040,C109
C040,C110
C040,C112
C040,C113
C040,C116
C040,C117
C040,C118
C040,C119
C041,C042
C041,C043
C041,C044
C041,C045
C041,C046
C041,C047
C041,C048
C041,C049
C041,C050
C041,C051
C041,C052
C041,C053
C041,C054
C041,C055
C041,C056
C041,C057
C041,C058
C041,C059
C041,C060
C041,C061
C041,C063
C041,C064
C041,C067
C041,C068
C041,C069
C041,C070
C041,C071
C041,C072
C041,C073
C041,C074
C041,C075
C041,C077
C041,C078
C041,C079
C041,C080
C041,C081
C041,C082
C041,C084
C041,C085
C041,C086
C041,C087
C041,C088
C041,C089
C041,C090
C041,C091
C041,C092
C041,C093
C041,C094
C041,C095
C041,C096
C041,C097
C041,C098
C041,C099
C041,C101
C041,C102
C041,C103
C041,C104
C041,C105
C041,C106
C041,C107
C041,C108
C041,C109
C041,C110
C041,C111
C041,C114
C041,C115
C041,C117
C041,C118
C041,C119
C041,C120
C042,C043
C042,C044
C042,C046
C042,C047
C042,C049
C042,C050
C042,C051
C042,C052
C042,C054
C042,C055
C042,C057
C042,C059
C042,C060
C042,C061
C042,C062
C042,C063
C042,C064
C042,C065
C042,C066
C042,C067
C042,C068
C042,C069
C042,C070
C042,C071
C042,C072
C042,C073
C042,C074
C042,C075
C042,C076
C042,C077
C042,C078
C042,C079
C042,C081
C042,C082
C042,C083
C042,C084
C042,C085
C042,C087
C042,C088
C042,C089
C042,C090
C042,C091
C042,C092
C042,C095
C042,C097
C042,C099
C042,C100
C042,C101
C042,C102
C042,C105
C042,C106
C042,C107
C042,C108
C042,C109
C042,C110
C042,C111
C042,C112
C042,C113
C042,C115
C042,C116
C042,C117
C042,C118
C042,C120
C043,C045
C043,C046
C043,C047
C043,C048
C043,C049
C043,C050
C043,C051
C043,C052
C043,C053
C043,C054
C043,C055
C043,C056
C043,C057
C043,C058
C043,C059
C043,C060
C043,C061
C043,C063
C043,C064
C043,C068
C043,C070
C043,C071
C043,C072
C043,C073
C043,C075
C043,C076
C043,C078
C043,C079
C043,C083
C043,C085
C043,C086
C043,C087
C043,C088
C043,C091
C043,C092
C043,C095
C043,C096
C043,C097
C043,C098
C043,C100
C043,C101
C043,C102
C043,C103
C043,C104
C043,C105
C043,C107
C043,C109
C043,C110
C043,C111
C043,C112
C043,C113
C043,C114
C043,C115
C043,C116
C043,C118
C043,C119
C043,C120
C044,C045
C044,C046
C044,C047
C044,C048
C044,C049
C044,C050
C044,C051
C044,C052
C044,C053
C044,C055
C044,C056
C044,C057
C044,C061
C044,C062
C044,C063
C044,C064
C044,C065
C044,C068
C044,C071
C044,C073
C044,C076
C044,C077
C044,C078
C044,C079
C044,C080
C044,C083
C044,C086
C044,C087
C044,C088
C044,C089
C044,C090
C044,C092
C044,C093
C044,C096
C044,C097
C044,C098
C044,C099
C044,C100
C044,C101
C044,C103
C044,C104
C044,C105
C044,C106
C044,C107
C044,C108
C044,C109
C044,C110
C044,C112
C044,C113
C044,C114
C044,C115
C044,C118
C044,C119
C044,C120
C045,C046
C045,C049
C045,C051
C045,C052
C045,C053
C045,C055
C045,C056
C045,C057
C045,C058
C045,C059
C045,C061
C045,C062
C045,C064
C045,C065
C045,C067
C045,C068
C045,C069
C045,C070
C045,C071
C045,C072
C045,C076
C045,C077
C045,C080
C045,C082
C045,C083
C045,C084
C045,C085
C045,C086
C045,C087
C045,C088
C045,C089
C045,C090
C045,C091
C045,C093
C045,C094
C045,C095
C045,C096
C045,C099
C045,C100
C045,C101
C045,C102
C045,C103
C045,C104
C045,C105
C045,C106
C045,C107
C045,C108
C045,C109
C045,C110
C045,C111
C045,C112
C045,C113
C045,C115
C045,C116
C045,C117
C045,C118
C045,C119
C045,C120
C046,C049
C046,C050
C046,C051
C046,C052
C046,C053
C046,C054
C046,C057
C046,C059
C046,C062
C046,C063
C046,C065
C046,C066
C046,C067
C046,C068
C046,C069
C046,C070
C046,C071
C046,C072
C046,C073
C046,C074
C046,C076
C046,C078
C046,C079
C046,C080
C046,C083
C046,C084
C046,C085
C046,C086
C046,C087
C046,C090
C046,C091
C046,C094
C046,C095
C046,C097
C046,C099
C046,C100
C046,C101
C046,C102
C046,C103
C046,C104
C046,C105
C046,C107
C046,C108
C046,C109
C046,C111
C046,C115
C046,C116
C046,C117
C046,C119
C046,C120
C047,C048
C047,C049
C047,C050
C047,C051
C047,C052
C047,C054
C047,C055
C047,C056
C047,C057
C047,C058
C047,C059
C047,C061
C047,C064
C047,C066
C047,C067
C047,C068
C047,C070
C047,C071
C047,C072
C047,C073
C047,C075
C047,C076
C047,C079
C047,C080
C047,C081
C047,C082
C047,C083
C047,C084
C047,C085
C047,C086
C047,C087
C047,C088
C047,C089
C047,C090
C047,C091
C047,C092
C047,C093
C047,C094
C047,C096
C047,C097
C047,C098
C047,C100
C047,C101
C047,C102
C047,C103
C047,C104
C047,C105
C047,C106
C047,C107
C047,C108
C047,C109
C047,C110
C047,C111
C047,C113
C047,C114
C047,C115
C047,C117
C047,C118
C047,C119
C047,C120
C048,C049
C048,C050
C048,C051
C048,C052
C048,C053
C048,C054
C048,C056
C048,C058
C048,C059
C048,C060
C048,C061
C048,C062
C048,C063
C048,C064
C048,C065
C048,C066
C048,C067
C048,C069
C048,C071
C048,C072
C048,C073
C048,C074
C048,C075
C048,C076
C048,C077
C048,C078
C048,C079
C048,C080
C048,C081
C048,C082
C048,C083
C048,C085
C048,C086
C048,C087
C048,C088
C048,C089
C048,C090
C048,C091
C048,C093
C048,C094
C048,C096
C048,C097
C048,C098
C048,C099
C048,C101
C048,C102
C048,C103
C048,C106
C048,C107
C048,C108
C048,C109
C048,C110
C048,C111
C048,C112
C048,C113
C048,C114
C048,C115
C048,C118
C048,C120
C049,C050
C049,C051
C049,C052
C049,C054
C049,C055
C049,C056
C049,C057
C049,C058
C049,C059
C049,C060
C049,C061
C049,C062
C049,C064
C049,C068
C049,C069
C049,C070
C049,C071
C049,C073
C049,C074
C049,C075
C049,C076
C049,C077
C049,C079
C049,C080
C049,C081
C049,C082
C049,C083
C049,C084
C049,C085
C049,C087
C049,C088
C049,C089
C049,C092
C049,C093
C049,C094
C049,C096
C049,C097
C049,C098
C049,C099
C049,C100
C049,C101
C049,C102
C049,C103
C049,C105
C049,C106
C049,C107
C049,C108
C049,C110
C049,C111
C049,C112
C049,C113
C049,C114
C049,C115
C049,C117
C049,C118
C049,C119
C050,C051
C050,C052
C050,C053
C050,C054
C050,C055
C050,C057
C050,C059
C050,C060
C050,C061
C050,C062
C050,C063
C050,C064
C050,C065
C050,C066
C050,C067
C050,C068
C050,C070
C050,C071
C050,C072
C050,C073
C050,C074
C050,C075
C050,C076
C050,C077
C050,C078
C050,C079
C050,C082
C050,C083
C050,C084
C050,C085
C050,C086
C050,C087
C050,C088
C050,C089
C050,C090
C050,C091
C050,C093
C050,C095
C050,C096
C050,C099
C050,C100
C050,C101
C050,C102
C050,C103
C050,C105
C050,C106
C050,C107
C050,C108
C050,C109
C050,C110
C050,C111
C050,C112
C050,C113
C050,C115
C050,C116
C050,C117
C050,C118
C050,C120
C051,C052
C051,C058
C051,C061
C051,C063
C051,C064
C051,C066
C051,C067
C051,C068
C051,C069
C051,C070
C051,C071
C051,C073
C051,C074
C051,C075
C051,C076
C051,C077
C051,C078
C051,C079
C051,C080
C051,C081
C051,C082
C051,C083
C051,C084
C051,C085
C051,C086
C051,C087
C051,C088
C051,C089
C051,C091
C051,C092
C051,C093
C051,C094
C051,C095
C051,C096
C051,C097
C051,C098
C051,C099
C051,C100
C051,C101
C051,C102
C051,C105
C051,C106
C051,C107
C051,C109
C051,C110
C051,C111
C051,C112
C051,C113
C051,C114
C051,C115
C051,C116
C051,C117
C051,C118
C052,C054
C052,C055
C052,C056
C052,C057
C052,C058
C052,C059
C052,C060
C052,C062
C052,C063
C052,C064
C052,C065
C052,C066
C052,C067
C052,C068
C052,C069
C052,C070
C052,C071
C052,C073
C052,C074
C052,C075
C052,C076
C052,C077
C052,C078
C052,C079
C052,C080
C052,C081
C052,C082
C052,C083
C052,C084
C052,C085
C052,C086
C052,C087
C052,C088
C052,C089
C052,C090
C052,C091
C052,C092
C052,C093
C052,C094
C052,C096
C052,C097
C052,C099
C052,C100
C052,C101
C052,C102
C052,C103
C052,C105
C052,C107
C052,C109
C052,C111
C052,C113
C052,C114
C052,C115
C052,C116
C052,C117
C052,C119
C052,C120
C053,C054
C053,C055
C053,C056
C053,C058
C053,C059
C053,C060
C053,C061
C053,C062
C053,C063
C053,C064
C053,C065
C053,C066
C053,C067
C053,C068
C053,C069
C053,C070
C053,C071
C053,C072
C053,C073
C053,C074
C053,C076
C053,C077
C053,C078
C053,C080
C053,C083
C053,C084
C053,C086
C053,C088
C053,C089
C053,C090
C053,C092
C053,C093
C053,C096
C053,C097
C053,C099
C053,C100
C053,C101
C053,C104
C053,C106
C053,C110
C053,C111
C053,C112
C053,C113
C053,C114
C053,C115
C053,C116
C053,C117
C053,C119
C053,C120
C054,C057
C054,C059
C054,C060
C054,C062
C054,C063
C054,C064
C054,C065
C054,C066
C054,C067
C054,C068
C054,C069
C054,C070
C054,C072
C054,C073
C054,C074
C054,C075
C054,C076
C054,C078
C054,C079
C054,C081
C054,C082
C054,C084
C054,C086
C054,C088
C054,C089
C054,C090
C054,C091
C054,C092
C054,C093
C054,C094
C054,C095
C054,C096
C054,C097
C054,C098
C054,C099
C054,C101
C054,C103
C054,C104
C054,C105
C054,C106
C054,C107
C054,C108
C054,C109
C054,C110
C054,C111
C054,C112
C054,C113
C054,C114
C054,C115
C054,C116
C054,C117
C054,C118
C054,C120
C055,C056
C055,C059
C055,C060
C055,C062
C055,C063
C055,C064
C055,C066
C055,C068
C055,C069
C055,C070
C055,C071
C055,C072
C055,C073
C055,C074
C055,C075
C055,C076
C055,C078
C055,C079
C055,C080
C055,C082
C055,C083
C055,C084
C055,C085
C055,C086
C055,C088
C055,C089
C055,C090
C055,C091
C055,C092
C055,C094
C055,C095
C055,C096
C055,C099
C055,C100
C055,C102
C055,C103
C055,C104
C055,C105
C055,C106
C055,C109
C055,C110
C055,C111
C055,C112
C055,C113
C055,C115
C055,C120
C056,C057
C056,C058
C056,C059
C056,C060
C056,C062
C056,C065
C056,C066
C056,C068
C056,C071
C056,C072
C056,C074
C056,C075
C056,C076
C056,C077
C056,C078
C056,C079
C056,C081
C056,C082
C056,C084
C056,C085
C056,C087
C056,C088
C056,C091
C056,C093
C056,C094
C056,C096
C056,C099
C056,C101
C056,C103
C056,C106
C056,C107
C056,C109
C056,C110
C056,C111
C056,C113
C056,C114
C056,C115
C056,C117
C056,C118
C056,C119
C057,C058
C057,C059
C057,C060
C057,C061
C057,C062
C057,C063
C057,C064
C057,C065
C057,C067
C057,C068
C057,C071
C057,C073
C057,C074
C057,C075
C057,C076
C057,C077
C057,C078
C057,C079
C057,C080
C057,C081
C057,C082
C057,C084
C057,C085
C057,C087
C057,C088
C057,C089
C057,C090
C057,C091
C057,C092
C057,C093
C057,C094
C057,C096
C057,C098
C057,C099
C057,C101
C057,C103
C057,C104
C057,C107
C057,C109
C057,C110
C057,C111
C057,C112
C057,C113
C057,C114
C057,C115
C057,C116
C057,C117
C057,C119
C058,C059
C058,C060
C058,C061
C058,C062
C058,C063
C058,C064
C058,C065
C058,C066
C058,C067
C058,C068
C058,C069
C058,C071
C058,C072
C058,C074
C058,C076
C058,C077
C058,C078
C058,C079
C058,C080
C058,C081
C058,C082
C058,C083
C058,C085
C058,C087
C058,C089
C058,C090
C058,C091
C058,C092
C058,C093
C058,C095
C058,C096
C058,C097
C058,C098
C058,C099
C058,C100
C058,C101
C058,C102
C058,C103
C058,C104
C058,C105
C058,C106
C058,C107
C058,C108
C058,C110
C058,C111
C058,C112
C058,C113
C058,C114
C058,C115
C058,C116
C058,C117
C059,C060
C059,C061
C059,C062
C059,C064
C059,C065
C059,C066
C059,C067
C059,C068
C059,C069
C059,C071
C059,C072
C059,C073
C059,C074
C059,C075
C059,C076
C059,C078
C059,C079
C059,C080
C059,C081
C059,C082
C059,C083
C059,C085
C059,C086
C059,C088
C059,C089
C059,C090
C059,C092
C059,C094
C059,C096
C059,C097
C059,C098
C059,C099
C059,C100
C059,C101
C059,C102
C059,C103
C059,C105
C059,C106
C059,C108
C059,C109
C059,C110
C059,C111
C059,C112
C059,C113
C059,C115
C059,C116
C059,C117
C059,C119
C059,C120
C060,C061
C060,C062
C060,C064
C060,C065
C060,C066
C060,C068
C060,C069
C060,C070
C060,C071
C060,C072
C060,C073
C060,C075
C060,C076
C060,C077
C060,C079
C060,C081
C060,C082
C060,C084
C060,C085
C060,C087
C060,C089
C060,C090
C060,C091
C060,C093
C060,C094
C060,C095
C060,C097
C060,C098
C060,C099
C060,C100
C060,C102
C060,C103
C060,C104
C060,C105
C060,C106
C060,C108
C060,C109
C060,C110
C060,C111
C060,C112
C060,C113
C060,C118
C061,C063
C061,C065
C061,C067
C061,C068
C061,C070
C061,C071
C061,C072
C061,C073
C061,C074
C061,C075
C061,C076
C061,C077
C061,C078
C061,C079
C061,C080
C061,C081
C061,C082
C061,C084
C061,C085
C061,C086
C061,C088
C061,C089
C061,C090
C061,C091
C061,C092
C061,C093
C061,C094
C061,C095
C061,C096
C061,C097
C061,C098
C061,C099
C061,C100
C061,C101
C061,C102
C061,C103
C061,C104
C061,C105
C061,C106
C061,C107
C061,C108
C061,C109
C061,C110
C061,C111
C061,C112
C061,C113
C061,C114
C061,C115
C061,C116
C061,C117
C061,C118
C061,C119
C061,C120
C062,C063
C062,C065
C062,C066
C062,C067
C062,C068
C062,C069
C062,C070
C062,C072
C062,C073
C062,C074
C062,C075
C062,C076
C062,C079
C062,C081
C062,C082
C062,C083
C062,C084
C062,C085
C062,C086
C062,C087
C062,C088
C062,C089
C062,C090
C062,C091
C062,C092
C062,C093
C062,C094
C062,C095
C062,C096
C062,C097
C062,C099
C062,C101
C062,C102
C062,C103
C062,C104
C062,C106
C062,C107
C062,C108
C062,C109
C062,C110
C062,C111
C062,C112
C062,C113
C062,C114
C062,C115
C062,C117
C062,C118
C062,C119
C062,C120
C063,C064
C063,C065
C063,C067
C063,C068
C063,C069
C063,C070
C063,C071
C063,C072
C063,C073
C063,C074
C063,C075
C063,C077
C063,C078
C063,C079
C063,C080
C063,C081
C063,C083
C063,C084
C063,C085
C063,C086
C063,C088
C063,C089
C063,C090
C063,C091
C063,C092
C063,C093
C063,C097
C063,C098
C063,C099
C063,C100
C063,C101
C063,C102
C063,C103
C063,C106
C063,C107
C063,C108
C063,C110
C063,C111
C063,C112
C063,C113
C063,C114
C063,C115
C063,C116
C063,C117
C063,C118
C063,C119
C064,C065
C064,C066
C064,C068
C064,C070
C064,C071
C064,C072
C064,C073
C064,C076
C064,C077
C064,C080
C064,C081
C064,C082
C064,C083
C064,C084
C064,C086
C064,C087
C064,C088
C064,C089
C064,C092
C064,C093
C064,C095
C064,C096
C064,C098
C064,C099
C064,C100
C064,C101
C064,C102
C064,C104
C064,C106
C064,C108
C064,C109
C064,C110
C064,C112
C064,C113
C064,C114
C064,C115
C064,C116
C064,C117
C064,C120
C065,C066
C065,C068
C065,C069
C065,C070
C065,C071
C065,C072
C065,C073
C065,C074
C065,C075
C065,C076
C065,C078
C065,C079
C065,C081
C065,C082
C065,C083
C065,C084
C065,C085
C065,C086
C065,C087
C065,C088
C065,C089
C065,C090
C065,C091
C065,C092
C065,C093
C065,C095
C065,C096
C065,C097
C065,C098
C065,C099
C065,C100
C065,C101
C065,C103
C065,C105
C065,C106
C065,C107
C065,C108
C065,C109
C065,C110
C065,C112
C065,C113
C065,C114
C065,C115
C065,C116
C065,C117
C065,C118
C065,C119
C065,C120
C066,C067
C066,C068
C066,C069
C066,C070
C066,C072
C066,C074
C066,C075
C066,C076
C066,C077
C066,C078
C066,C080
C066,C081
C066,C082
C066,C083
C066,C085
C066,C086
C066,C087
C066,C091
C066,C093
C066,C095
C066,C096
C066,C097
C066,C098
C066,C099
C066,C100
C066,C101
C066,C102
C066,C103
C066,C104
C066,C105
C066,C106
C066,C107
C066,C108
C066,C114
C066,C115
C066,C116
C066,C118
C066,C119
C067,C068
C067,C069
C067,C071
C067,C072
C067,C073
C067,C074
C067,C075
C067,C076
C067,C078
C067,C079
C067,C080
C067,C081
C067,C082
C067,C084
C067,C085
C067,C086
C067,C088
C067,C089
C067,C090
C067,C093
C067,C094
C067,C095
C067,C096
C067,C097
C067,C098
C067,C099
C067,C100
C067,C101
C067,C103
C067,C104
C067,C105
C067,C106
C067,C107
C067,C110
C067,C112
C067,C115
C067,C116
C067,C117
C067,C119
C067,C120
C068,C069
C068,C070
C068,C071
C068,C072
C068,C073
C068,C076
C068,C077
C068,C078
C068,C079
C068,C080
C068,C081
C068,C082
C068,C083
C068,C084
C068,C085
C068,C086
C068,C088
C068,C090
C068,C091
C068,C092
C068,C093
C068,C094
C068,C095
C068,C096
C068,C097
C068,C098
C068,C100
C068,C101
C068,C103
C068,C104
C068,C105
C068,C106
C068,C107
C068,C108
C068,C109
C068,C110
C068,C111
C068,C112
C068,C113
C068,C114
C068,C115
C068,C116
C068,C117
C068,C118
C069,C070
C069,C071
C069,C073
C069,C074
C069,C075
C069,C077
C069,C079
C069,C080
C069,C081
C069,C082
C069,C084
C069,C086
C069,C087
C069,C088
C069,C090
C069,C093
C069,C094
C069,C095
C069,C096
C069,C097
C069,C098
C069,C099
C069,C100
C069,C101
C069,C102
C069,C104
C069,C105
C069,C106
C069,C107
C069,C108
C069,C109
C069,C110
C069,C111
C069,C112
C069,C113
C069,C115
C069,C117
C069,C118
C069,C119
C070,C071
C070,C072
C070,C073
C070,C074
C070,C076
C070,C077
C070,C078
C070,C079
C070,C080
C070,C081
C070,C082
C070,C083
C070,C084
C070,C085
C070,C086
C070,C087
C070,C088
C070,C089
C070,C090
C070,C091
C070,C092
C070,C093
C070,C094
C070,C095
C070,C096
C070,C097
C070,C098
C070,C099
C070,C100
C070,C101
C070,C102
C070,C103
C070,C104
C070,C105
C070,C106
C070,C107
C070,C108
C070,C109
C070,C110
C070,C112
C070,C113
C070,C114
C070,C115
C070,C116
C070,C117
C070,C118
C070,C119
C070,C120
C071,C072
C071,C073
C071,C074
C071,C075
C071,C076
C071,C077
C071,C079
C071,C080
C071,C082
C071,C083
C071,C084
C071,C086
C071,C088
C071,C090
C071,C091
C071,C092
C071,C093
C071,C095
C071,C096
C071,C097
C071,C098
C071,C099
C071,C100
C071,C101
C071,C102
C071,C103
C071,C105
C071,C106
C071,C107
C071,C108
C071,C109
C071,C110
C071,C111
C071,C112
C071,C113
C071,C115
C071,C117
C071,C119
C071,C120
C072,C073
C072,C074
C072,C075
C072,C077
C072,C078
C072,C080
C072,C082
C072,C083
C072,C084
C072,C085
C072,C086
C072,C087
C072,C089
C072,C090
C072,C091
C072,C093
C072,C094
C072,C096
C072,C097
C072,C098
C072,C099
C072,C101
C072,C102
C072,C103
C072,C104
C072,C105
C072,C106
C072,C107
C072,C108
C072,C109
C072,C110
C072,C111
C072,C112
C072,C113
C072,C114
C072,C115
C072,C117
C072,C118
C072,C119
C072,C120
C073,C074
C073,C075
C073,C076
C073,C077
C073,C078
C073,C079
C073,C080
C073,C081
C073,C082
C073,C083
C073,C084
C073,C085
C073,C087
C073,C088
C073,C089
C073,C090
C073,C091
C073,C093
C073,C095
C073,C096
C073,C097
C073,C098
C073,C099
C073,C100
C073,C101
C073,C102
C073,C103
C073,C104
C073,C105
C073,C106
C073,C107
C073,C108
C073,C109
C073,C110
C073,C111
C073,C112
C073,C113
C073,C116
C073,C117
C073,C118
C073,C119
C073,C120
C074,C075
C074,C077
C074,C078
C074,C079
C074,C080
C074,C081
C074,C082
C074,C084
C074,C085
C074,C086
C074,C087
C074,C088
C074,C089
C074,C090
C074,C091
C074,C092
C074,C093
C074,C095
C074,C096
C074,C097
C074,C098
C074,C099
C074,C100
C074,C101
C074,C102
C074,C103
C074,C104
C074,C105
C074,C106
C074,C107
C074,C108
C074,C111
C074,C112
C074,C113
C074,C114
C074,C115
C074,C116
C074,C118
C074,C119
C074,C120
C075,C076
C075,C077
C075,C079
C075,C080
C075,C081
C075,C082
C075,C084
C075,C085
C075,C087
C075,C088
C075,C089
C075,C090
C075,C091
C075,C092
C075,C093
C075,C094
C075,C095
C075,C096
C075,C097
C075,C098
C075,C099
C075,C100
C075,C101
C075,C102
C075,C105
C075,C106
C075,C107
C075,C108
C075,C109
C075,C112
C075,C114
C075,C115
C075,C116
C075,C118
C075,C119
C076,C077
C076,C079
C076,C082
C076,C083
C076,C084
C076,C085
C076,C086
C076,C087
C076,C088
C076,C089
C076,C090
C076,C091
C076,C093
C076,C094
C076,C095
C076,C096
C076,C097
C076,C098
C076,C099
C076,C100
C076,C101
C076,C102
C076,C103
C076,C104
C076,C105
C076,C106
C076,C107
C076,C108
C076,C109
C076,C111
C076,C112
C076,C114
C076,C115
C076,C117
C076,C118
C077,C078
C077,C079
C077,C080
C077,C082
C077,C083
C077,C085
C077,C086
C077,C087
C077,C088
C077,C089
C077,C091
C077,C092
C077,C093
C077,C096
C077,C099
C077,C100
C077,C101
C077,C102
C077,C104
C077,C105
C077,C106
C077,C108
C077,C109
C077,C112
C077,C113
C077,C114
C077,C117
C077,C118
C077,C119
C077,C120
C078,C080
C078,C082
C078,C083
C078,C084
C078,C087
C078,C088
C078,C089
C078,C090
C078,C091
C078,C092
C078,C094
C078,C095
C078,C096
C078,C100
C078,C101
C078,C102
C078,C103
C078,C104
C078,C105
C078,C106
C078,C108
C078,C112
C078,C113
C078,C114
C078,C115
C078,C116
C078,C117
C078,C118
C078,C119
C079,C080
C079,C081
C079,C082
C079,C083
C079,C084
C079,C085
C079,C087
C079,C088
C079,C089
C079,C090
C079,C091
C079,C093
C079,C094
C079,C095
C079,C096
C079,C097
C079,C098
C079,C099
C079,C100
C079,C101
C079,C103
C079,C104
C079,C105
C079,C107
C079,C108
C079,C109
C079,C110
C079,C111
C079,C112
C079,C114
C079,C115
C079,C116
C079,C118
C079,C120
C080,C081
C080,C082
C080,C085
C080,C086
C080,C087
C080,C088
C080,C089
C080,C090
C080,C092
C080,C093
C080,C096
C080,C098
C080,C099
C080,C100
C080,C102
C080,C103
C080,C105
C080,C106
C080,C107
C080,C108
C080,C109
C080,C111
C080,C112
C080,C113
C080,C114
C080,C115
C080,C117
C080,C118
C080,C120
C081,C082
C081,C083
C081,C085
C081,C086
C081,C087
C081,C088
C081,C090
C081,C091
C081,C092
C081,C093
C081,C094
C081,C095
C081,C096
C081,C098
C081,C099
C081,C100
C081,C103
C081,C104
C081,C105
C081,C106
C081,C107
C081,C108
C081,C109
C081,C111
C081,C112
C081,C113
C081,C114
C081,C115
C081,C116
C081,C117
C081,C118
C081,C120
C082,C083
C082,C085
C082,C086
C082,C087
C082,C088
C082,C089
C082,C090
C082,C091
C082,C092
C082,C095
C082,C096
C082,C097
C082,C098
C082,C099
C082,C100
C082,C101
C082,C102
C082,C104
C082,C105
C082,C106
C082,C107
C082,C108
C082,C110
C082,C111
C082,C112
C082,C113
C082,C114
C082,C115
C082,C117
C082,C118
C082,C119
C083,C085
C083,C086
C083,C087
C083,C088
C083,C089
C083,C091
C083,C092
C083,C094
C083,C095
C083,C096
C083,C097
C083,C099
C083,C100
C083,C101
C083,C102
C083,C103
C083,C104
C083,C105
C083,C106
C083,C107
C083,C108
C083,C110
C083,C111
C083,C112
C083,C113
C083,C114
C083,C116
C083,C117
C083,C118
C083,C119
C083,C120
C084,C085
C084,C086
C084,C087
C084,C088
C084,C089
C084,C090
C084,C091
C084,C092
C084,C096
C084,C097
C084,C098
C084,C099
C084,C100
C084,C101
C084,C102
C084,C103
C084,C104
C084,C106
C084,C107
C084,C108
C084,C110
C084,C111
C084,C113
C084,C114
C084,C115
C084,C117
C084,C118
C084,C119
C084,C120
C085,C086
C085,C087
C085,C088
C085,C089
C085,C090
C085,C091
C085,C092
C085,C093
C085,C094
C085,C095
C085,C099
C085,C100
C085,C101
C085,C102
C085,C103
C085,C104
C085,C106
C085,C107
C085,C108
C085,C109
C085,C110
C085,C111
C085,C112
C085,C113
C085,C114
C085,C115
C085,C116
C085,C117
C085,C119
C085,C120
C086,C088
C086,C089
C086,C090
C086,C091
C086,C092
C086,C093
C086,C095
C086,C096
C086,C097
C086,C098
C086,C099
C086,C100
C086,C101
C086,C103
C086,C104
C086,C105
C086,C106
C086,C107
C086,C110
C086,C111
C086,C116
C086,C117
C086,C119
C087,C088
C087,C089
C087,C090
C087,C091
C087,C092
C087,C093
C087,C094
C087,C095
C087,C096
C087,C097
C087,C098
C087,C099
C087,C100
C087,C101
C087,C102
C087,C103
C087,C105
C087,C106
C087,C108
C087,C110
C087,C112
C087,C113
C087,C114
C087,C115
C087,C116
C087,C117
C087,C118
C087,C119
C088,C089
C088,C090
C088,C092
C088,C093
C088,C096
C088,C098
C088,C099
C088,C100
C088,C101
C088,C102
C088,C104
C088,C105
C088,C106
C088,C108
C088,C109
C088,C110
C088,C111
C088,C112
C088,C113
C088,C114
C088,C115
C088,C116
C088,C117
C088,C118
C088,C119
C088,C120
C089,C090
C089,C091
C089,C093
C089,C096
C089,C097
C089,C098
C089,C099
C089,C100
C089,C101
C089,C102
C089,C103
C089,C104
C089,C105
C089,C107
C089,C108
C089,C109
C089,C113
C089,C118
C089,C119
C089,C120
C090,C091
C090,C092
C090,C093
C090,C094
C090,C095
C090,C096
C090,C097
C090,C099
C090,C101
C090,C102
C090,C103
C090,C104
C090,C106
C090,C107
C090,C108
C090,C110
C090,C111
C090,C112
C090,C113
C090,C115
C090,C116
C090,C117
C090,C118
C091,C092
C091,C094
C091,C095
C091,C096
C091,C098
C091,C100
C091,C101
C091,C103
C091,C104
C091,C105
C091,C106
C091,C107
C091,C111
C091,C112
C091,C115
C091,C117
C091,C118
C092,C093
C092,C094
C092,C095
C092,C096
C092,C098
C092,C099
C092,C100
C092,C101
C092,C102
C092,C103
C092,C104
C092,C105
C092,C108
C092,C111
C092,C114
C092,C115
C092,C116
C092,C117
C092,C120
C093,C094
C093,C095
C093,C096
C093,C097
C093,C098
C093,C099
C093,C100
C093,C101
C093,C102
C093,C103
C093,C104
C093,C105
C093,C106
C093,C107
C093,C108
C093,C109
C093,C110
C093,C111
C093,C112
C093,C113
C093,C114
C093,C115
C093,C116
C093,C118
C093,C119
C093,C120
C094,C095
C094,C096
C094,C099
C094,C101
C094,C102
C094,C103
C094,C104
C094,C105
C094,C106
C094,C107
C094,C109
C094,C111
C094,C112
C094,C113
C094,C114
C094,C115
C094,C116
C094,C117
C094,C118
C094,C119
C095,C096
C095,C097
C095,C098
C095,C099
C095,C100
C095,C101
C095,C102
C095,C103
C095,C104
C095,C107
C095,C108
C095,C109
C095,C111
C095,C112
C095,C113
C095,C114
C095,C116
C095,C117
C095,C118
C095,C119
C095,C120
C096,C097
C096,C098
C096,C099
C096,C100
C096,C101
C096,C103
C096,C104
C096,C105
C096,C106
C096,C107
C096,C108
C096,C110
C096,C111
C096,C112
C096,C113
C096,C114
C096,C115
C096,C116
C096,C118
C096,C120
C097,C098
C097,C099
C097,C100
C097,C101
C097,C102
C097,C105
C097,C106
C097,C107
C097,C108
C097,C109
C097,C110
C097,C111
C097,C112
C097,C113
C097,C115
C097,C116
C097,C117
C097,C119
C097,C120
C098,C099
C098,C100
C098,C101
C098,C103
C098,C104
C098,C105
C098,C106
C098,C107
C098,C108
C098,C109
C098,C110
C098,C111
C098,C112
C098,C113
C098,C114
C098,C117
C098,C118
C099,C100
C099,C102
C099,C103
C099,C105
C099,C106
C099,C108
C099,C109
C099,C111
C099,C113
C099,C114
C099,C115
C099,C116
C099,C117
C099,C118
C099,C120
C100,C101
C100,C103
C100,C104
C100,C105
C100,C106
C100,C107
C100,C108
C100,C109
C100,C110
C100,C111
C100,C112
C100,C113
C100,C114
C100,C115
C100,C116
C100,C119
C100,C120
C101,C102
C101,C103
C101,C104
C101,C105
C101,C106
C101,C109
C101,C110
C101,C111
C101,C112
C101,C113
C101,C114
C101,C115
C101,C116
C101,C118
C101,C119
C101,C120
C102,C103
C102,C105
C102,C106
C102,C108
C102,C109
C102,C112
C102,C113
C102,C114
C102,C116
C102,C117
C102,C118
C103,C104
C103,C105
C103,C106
C103,C107
C103,C108
C103,C109
C103,C111
C103,C112
C103,C114
C103,C115
C103,C116
C103,C117
C103,C119
C103,C120
C104,C108
C104,C109
C104,C110
C104,C111
C104,C112
C104,C113
C104,C115
C104,C116
C104,C117
C104,C118
C104,C119
C104,C120
C105,C106
C105,C107
C105,C109
C105,C111
C105,C112
C105,C113
C105,C115
C105,C116
C105,C117
C105,C118
C105,C120
C106,C107
C106,C108
C106,C109
C106,C110
C106,C111
C106,C112
C106,C115
C106,C117
C106,C119
C107,C109
C107,C110
C107,C111
C107,C112
C107,C113
C107,C114
C107,C115
C107,C116
C107,C117
C107,C118
C108,C109
C108,C110
C108,C111
C108,C113
C108,C115
C108,C116
C108,C118
C108,C119
C108,C120
C109,C110
C109,C112
C109,C113
C109,C114
C109,C115
C109,C116
C109,C117
C109,C118
C109,C119
C109,C120
C110,C111
C110,C112
C110,C113
C110,C115
C110,C117
C110,C118
C110,C119
C110,C120
C111,C113
C111,C114
C111,C115
C111,C116
C111,C117
C111,C118
C112,C113
C112,C114
C112,C115
C112,C116
C112,C118
C112,C119
C112,C120
C113,C114
C113,C117
C113,C119
C113,C120
C114,C115
C114,C118
C114,C120
C115,C117
C115,C120
C117,C118
C118,C120
C119,C120
